"","key","scientificName","decimalLongitude","decimalLatitude","countryCode","country"
"1","2579261440","Aporrectodea caliginosa (Savigny, 1826)",37.639686,54.831721,"RU","Russian Federation"
"2","3071277349","Aporrectodea caliginosa (Savigny, 1826)",37.3272,55.578,"RU","Russian Federation"
"3","3071277319","Aporrectodea caliginosa (Savigny, 1826)",43.24596,54.07451,"RU","Russian Federation"
"4","3071277320","Aporrectodea caliginosa (Savigny, 1826)",36.35469,52.44011,"RU","Russian Federation"
"5","2596095030","Aporrectodea caliginosa (Savigny, 1826)",49.0528,56.035115,"RU","Russian Federation"
"6","3071277324","Aporrectodea caliginosa (Savigny, 1826)",53.40847,63.50431,"RU","Russian Federation"
"7","3071277328","Aporrectodea caliginosa (Savigny, 1826)",39.66899,51.91046,"RU","Russian Federation"
"8","3071277330","Aporrectodea caliginosa (Savigny, 1826)",37.52615,55.70767,"RU","Russian Federation"
"9","3071277321","Aporrectodea caliginosa (Savigny, 1826)",50.83649,61.66879,"RU","Russian Federation"
"10","3071277323","Aporrectodea caliginosa (Savigny, 1826)",50.78423,61.59899,"RU","Russian Federation"
"11","3071277326","Aporrectodea caliginosa (Savigny, 1826)",49.44798,60.95275,"RU","Russian Federation"
"12","3071277339","Aporrectodea caliginosa (Savigny, 1826)",53.78515,62.37869,"RU","Russian Federation"
"13","3109043304","Aporrectodea caliginosa (Savigny, 1826)",35.87014,53.62363,"RU","Russian Federation"
"14","3071277322","Aporrectodea caliginosa (Savigny, 1826)",49.290715,55.30357,"RU","Russian Federation"
"15","3071277327","Aporrectodea caliginosa (Savigny, 1826)",48.81253,55.89792,"RU","Russian Federation"
"16","3071277341","Aporrectodea caliginosa (Savigny, 1826)",39.86103,54.73277,"RU","Russian Federation"
"17","3071277354","Aporrectodea caliginosa (Savigny, 1826)",58.65167,62.15046,"RU","Russian Federation"
"18","3058513955","Aporrectodea caliginosa (Savigny, 1826)",27.918892,50.566666,"UA","Ukraine"
"19","3058513957","Aporrectodea caliginosa (Savigny, 1826)",27.985554,50.570155,"UA","Ukraine"
"20","3058513961","Aporrectodea caliginosa (Savigny, 1826)",27.994423,50.559687,"UA","Ukraine"
"21","3058513965","Aporrectodea caliginosa (Savigny, 1826)",27.451973,50.542236,"UA","Ukraine"
"22","3058513966","Aporrectodea caliginosa (Savigny, 1826)",27.676849,50.565794,"UA","Ukraine"
"23","3058513967","Aporrectodea caliginosa (Savigny, 1826)",27.470512,50.605031,"UA","Ukraine"
"24","3058513969","Aporrectodea caliginosa (Savigny, 1826)",27.779503,50.576696,"UA","Ukraine"
"25","3058513971","Aporrectodea caliginosa (Savigny, 1826)",29.055977,50.325299,"UA","Ukraine"
"26","3058513972","Aporrectodea caliginosa (Savigny, 1826)",28.432503,50.318285,"UA","Ukraine"
"27","3058513973","Aporrectodea caliginosa (Savigny, 1826)",29.164467,50.580185,"UA","Ukraine"
"28","3058513975","Aporrectodea caliginosa (Savigny, 1826)",27.714958,50.01524,"UA","Ukraine"
"29","3058513981","Aporrectodea caliginosa (Savigny, 1826)",28.446922,50.354223,"UA","Ukraine"
"30","3058513982","Aporrectodea caliginosa (Savigny, 1826)",28.678322,50.25423,"UA","Ukraine"
"31","3058513986","Aporrectodea caliginosa (Savigny, 1826)",28.409843,50.221731,"UA","Ukraine"
"32","3058513987","Aporrectodea caliginosa (Savigny, 1826)",28.098106,50.447886,"UA","Ukraine"
"33","3058513989","Aporrectodea caliginosa (Savigny, 1826)",28.079567,50.501199,"UA","Ukraine"
"34","3058513991","Aporrectodea caliginosa (Savigny, 1826)",27.960491,50.866211,"UA","Ukraine"
"35","3058513993","Aporrectodea caliginosa (Savigny, 1826)",27.760963,49.920283,"UA","Ukraine"
"36","3058513994","Aporrectodea caliginosa (Savigny, 1826)",27.937775,50.175139,"UA","Ukraine"
"37","3058513997","Aporrectodea caliginosa (Savigny, 1826)",27.991676,50.46712,"UA","Ukraine"
"38","3058513998","Aporrectodea caliginosa (Savigny, 1826)",27.170448,50.614617,"UA","Ukraine"
"39","3071277333","Aporrectodea caliginosa (Savigny, 1826)",35.70013,53.55518,"RU","Russian Federation"
"40","3071277335","Aporrectodea caliginosa (Savigny, 1826)",35.77142,53.58985,"RU","Russian Federation"
"41","3071277352","Aporrectodea caliginosa (Savigny, 1826)",30.24872,59.96691,"RU","Russian Federation"
"42","3071277355","Aporrectodea caliginosa (Savigny, 1826)",30.25742,59.90223,"RU","Russian Federation"
"43","3058514020","Aporrectodea caliginosa (Savigny, 1826)",29.05083,49.846878,"UA","Ukraine"
"44","3058514036","Aporrectodea caliginosa (Savigny, 1826)",28.984226,49.911647,"UA","Ukraine"
"45","3058514039","Aporrectodea caliginosa (Savigny, 1826)",28.559192,49.912806,"UA","Ukraine"
"46","3058514040","Aporrectodea caliginosa (Savigny, 1826)",28.96912,49.899981,"UA","Ukraine"
"47","3058514041","Aporrectodea caliginosa (Savigny, 1826)",29.120182,49.927395,"UA","Ukraine"
"48","3058514044","Aporrectodea caliginosa (Savigny, 1826)",29.092029,49.946399,"UA","Ukraine"
"49","3058514048","Aporrectodea caliginosa (Savigny, 1826)",28.97215,49.969855,"UA","Ukraine"
"50","3058514051","Aporrectodea caliginosa (Savigny, 1826)",28.662377,50.254194,"UA","Ukraine"
"51","3058514056","Aporrectodea trapezoides (Dugés, 1828)",28.951551,49.889408,"UA","Ukraine"
"52","3058514060","Aporrectodea trapezoides (Dugés, 1828)",29.12018,49.927395,"UA","Ukraine"
"53","3071277307","Aporrectodea caliginosa (Savigny, 1826)",47.27359,56.65721,"RU","Russian Federation"
"54","3071277318","Aporrectodea caliginosa (Savigny, 1826)",34.41875,53.21262,"RU","Russian Federation"
"55","3071277353","Aporrectodea caliginosa (Savigny, 1826)",37.80715,55.9666,"RU","Russian Federation"
"56","3071277331","Aporrectodea caliginosa (Savigny, 1826)",33.61666,67.58333,"RU","Russian Federation"
"57","3071277356","Aporrectodea caliginosa (Savigny, 1826)",33.65,67.63333,"RU","Russian Federation"
"58","3071277357","Aporrectodea caliginosa (Savigny, 1826)",33.63333,67.66666,"RU","Russian Federation"
"59","3085781316","Aporrectodea caliginosa (Savigny, 1826)",35.869,53.62309,"RU","Russian Federation"
"60","3085781431","Aporrectodea caliginosa (Savigny, 1826)",35.88146,53.63121,"RU","Russian Federation"
"61","3085781447","Aporrectodea caliginosa (Savigny, 1826)",35.86794,53.6148,"RU","Russian Federation"
"62","3085782849","Aporrectodea caliginosa (Savigny, 1826)",35.87607,53.61943,"RU","Russian Federation"
"63","2871871452","Aporrectodea caliginosa (Savigny, 1826)",31.102,70.374,"NO","Norway"
"64","2848624719","Aporrectodea caliginosa caliginosa",57.646,64.8528,"RU","Russian Federation"
"65","2848624755","Aporrectodea caliginosa caliginosa",53.4081,63.505,"RU","Russian Federation"
"66","3071277312","Aporrectodea caliginosa (Savigny, 1826)",37.3421,53.03436,"RU","Russian Federation"
"67","3071277351","Aporrectodea caliginosa (Savigny, 1826)",43.99207,58.80066,"RU","Russian Federation"
"68","3071277305","Aporrectodea caliginosa (Savigny, 1826)",37.4214,55.86835,"RU","Russian Federation"
