gbifID	datasetKey	occurrenceID	kingdom	phylum	class	order	family	genus	species	infraspecificEpithet	taxonRank	scientificName	verbatimScientificName	verbatimScientificNameAuthorship	countryCode	locality	stateProvince	occurrenceStatus	individualCount	publishingOrgKey	decimalLatitude	decimalLongitude	coordinateUncertaintyInMeters	coordinatePrecision	elevation	elevationAccuracy	depth	depthAccuracy	eventDate	day	month	year	taxonKey	speciesKey	basisOfRecord	institutionCode	collectionCode	catalogNumber	recordNumber	identifiedBy	dateIdentified	license	rightsHolder	recordedBy	typeStatus	establishmentMeans	lastInterpreted	mediaType	issue
3071277357	e52aacbf-c701-462b-b68f-346502fbc270	ru:earthworms:2307759:9	Animalia	Annelida	Clitellata	Crassiclitellata	Lumbricidae	Aporrectodea	Aporrectodea caliginosa		SPECIES	Aporrectodea caliginosa (Savigny, 1826)	Aporrectodea caliginosa (Savigny, 1826)		RU		Murmansk Oblast	PRESENT		fcb15579-e732-4e2d-aa74-796787ef8c27	67.66666	33.63333	5000.0	1.0E-5					2013-01-01T00:00:00			2013	2307759	2307759	HUMAN_OBSERVATION					Zenkova I.V. | Rapoport I.B.		CC_BY_4_0		Zenkova I.V. | Rapoport I.B.			2021-04-13T14:48:56.596Z		GEODETIC_DATUM_INVALID;GEODETIC_DATUM_ASSUMED_WGS84
3071277356	e52aacbf-c701-462b-b68f-346502fbc270	ru:earthworms:2307759:8	Animalia	Annelida	Clitellata	Crassiclitellata	Lumbricidae	Aporrectodea	Aporrectodea caliginosa		SPECIES	Aporrectodea caliginosa (Savigny, 1826)	Aporrectodea caliginosa (Savigny, 1826)		RU		Murmansk Oblast	PRESENT		fcb15579-e732-4e2d-aa74-796787ef8c27	67.63333	33.65	5000.0	1.0E-5					2013-01-01T00:00:00			2013	2307759	2307759	HUMAN_OBSERVATION					Zenkova I.V. | Rapoport I.B.		CC_BY_4_0		Zenkova I.V. | Rapoport I.B.			2021-04-13T14:48:56.570Z		GEODETIC_DATUM_INVALID;GEODETIC_DATUM_ASSUMED_WGS84
3071277355	e52aacbf-c701-462b-b68f-346502fbc270	ru:earthworms:2307759:5	Animalia	Annelida	Clitellata	Crassiclitellata	Lumbricidae	Aporrectodea	Aporrectodea caliginosa		SPECIES	Aporrectodea caliginosa (Savigny, 1826)	Aporrectodea caliginosa (Savigny, 1826)		RU		Saint Petersburg	PRESENT		fcb15579-e732-4e2d-aa74-796787ef8c27	59.90223	30.25742	100.0	1.0E-5					2015-01-01T00:00:00			2015	2307759	2307759	HUMAN_OBSERVATION					Preobrazhenskaya K.M.		CC_BY_4_0		Preobrazhenskaya K.M.			2021-04-13T14:48:56.218Z		GEODETIC_DATUM_INVALID;GEODETIC_DATUM_ASSUMED_WGS84
3071277354	e52aacbf-c701-462b-b68f-346502fbc270	ru:earthworms:2307759:4	Animalia	Annelida	Clitellata	Crassiclitellata	Lumbricidae	Aporrectodea	Aporrectodea caliginosa		SPECIES	Aporrectodea caliginosa (Savigny, 1826)	Aporrectodea caliginosa (Savigny, 1826)		RU		Komi Republic	PRESENT		fcb15579-e732-4e2d-aa74-796787ef8c27	62.15046	58.65167	200.0	1.0E-5					2016-01-01T00:00:00			2016	2307759	2307759	HUMAN_OBSERVATION					Geraskina A.P.		CC_BY_4_0		Geraskina A.P.			2021-04-13T14:48:56.216Z		GEODETIC_DATUM_INVALID;GEODETIC_DATUM_ASSUMED_WGS84
3071277353	e52aacbf-c701-462b-b68f-346502fbc270	ru:earthworms:2307759:7	Animalia	Annelida	Clitellata	Crassiclitellata	Lumbricidae	Aporrectodea	Aporrectodea caliginosa		SPECIES	Aporrectodea caliginosa (Savigny, 1826)	Aporrectodea caliginosa (Savigny, 1826)		RU		Moscow Oblast	PRESENT		fcb15579-e732-4e2d-aa74-796787ef8c27	55.9666	37.80715	150.0	1.0E-5					2014-01-01T00:00:00			2014	2307759	2307759	HUMAN_OBSERVATION					O. V. Kutovaya | I. V. Zamotaev | V.P. Belobrov		CC_BY_4_0		O. V. Kutovaya | I. V. Zamotaev | V.P. Belobrov			2021-04-13T14:48:56.182Z		GEODETIC_DATUM_INVALID;GEODETIC_DATUM_ASSUMED_WGS84
3071277352	e52aacbf-c701-462b-b68f-346502fbc270	ru:earthworms:2307759:6	Animalia	Annelida	Clitellata	Crassiclitellata	Lumbricidae	Aporrectodea	Aporrectodea caliginosa		SPECIES	Aporrectodea caliginosa (Savigny, 1826)	Aporrectodea caliginosa (Savigny, 1826)		RU		Saint Petersburg	PRESENT		fcb15579-e732-4e2d-aa74-796787ef8c27	59.96691	30.24872	100.0	1.0E-5					2015-01-01T00:00:00			2015	2307759	2307759	HUMAN_OBSERVATION					Preobrazhenskaya K.M.		CC_BY_4_0		Preobrazhenskaya K.M.			2021-04-13T14:48:55.784Z		GEODETIC_DATUM_INVALID;GEODETIC_DATUM_ASSUMED_WGS84
3071277351	e52aacbf-c701-462b-b68f-346502fbc270	ru:earthworms:2307759:49	Animalia	Annelida	Clitellata	Crassiclitellata	Lumbricidae	Aporrectodea	Aporrectodea caliginosa		SPECIES	Aporrectodea caliginosa (Savigny, 1826)	Aporrectodea caliginosa (Savigny, 1826)		RU		Kostroma Oblast	PRESENT		fcb15579-e732-4e2d-aa74-796787ef8c27	58.80066	43.99207	50.0	1.0E-5					2012-01-01T00:00:00			2012	2307759	2307759	HUMAN_OBSERVATION					Shashkov M.P.		CC_BY_4_0		Shashkov M.P.			2021-04-13T14:48:55.773Z		GEODETIC_DATUM_INVALID;GEODETIC_DATUM_ASSUMED_WGS84
3071277350	e52aacbf-c701-462b-b68f-346502fbc270	ru:earthworms:2307759:48	Animalia	Annelida	Clitellata	Crassiclitellata	Lumbricidae	Aporrectodea	Aporrectodea caliginosa		SPECIES	Aporrectodea caliginosa (Savigny, 1826)	Aporrectodea caliginosa (Savigny, 1826)		RU		Moscow Oblast	PRESENT		fcb15579-e732-4e2d-aa74-796787ef8c27	56.11678	37.81087	2000.0	1.0E-5					2008-01-01T00:00:00			2008	2307759	2307759	HUMAN_OBSERVATION					Kutovaya O.V.		CC_BY_4_0		Kutovaya O.V.			2021-04-13T14:48:55.748Z		GEODETIC_DATUM_INVALID;GEODETIC_DATUM_ASSUMED_WGS84
3071277349	e52aacbf-c701-462b-b68f-346502fbc270	ru:earthworms:2307759:41	Animalia	Annelida	Clitellata	Crassiclitellata	Lumbricidae	Aporrectodea	Aporrectodea caliginosa		SPECIES	Aporrectodea caliginosa (Savigny, 1826)	Aporrectodea caliginosa (Savigny, 1826)		RU		Moscow	PRESENT		fcb15579-e732-4e2d-aa74-796787ef8c27	55.578	37.3272	50.0	1.0E-4					2020-01-01T00:00:00			2020	2307759	2307759	HUMAN_OBSERVATION					Geraskina A.P.		CC_BY_4_0		Geraskina A.P.			2021-04-13T14:48:55.713Z		GEODETIC_DATUM_INVALID;GEODETIC_DATUM_ASSUMED_WGS84
3071277348	e52aacbf-c701-462b-b68f-346502fbc270	ru:earthworms:2307759:40	Animalia	Annelida	Clitellata	Crassiclitellata	Lumbricidae	Aporrectodea	Aporrectodea caliginosa		SPECIES	Aporrectodea caliginosa (Savigny, 1826)	Aporrectodea caliginosa (Savigny, 1826)		RU		Omsk Oblast	PRESENT		fcb15579-e732-4e2d-aa74-796787ef8c27	57.57832	72.41993	5000.0	1.0E-5					2020-01-01T00:00:00			2020	2307759	2307759	HUMAN_OBSERVATION					Geraskina A.P.		CC_BY_4_0		Geraskina A.P.			2021-04-13T14:48:55.706Z		GEODETIC_DATUM_INVALID;GEODETIC_DATUM_ASSUMED_WGS84
3071277347	e52aacbf-c701-462b-b68f-346502fbc270	ru:earthworms:2307759:43	Animalia	Annelida	Clitellata	Crassiclitellata	Lumbricidae	Aporrectodea	Aporrectodea caliginosa		SPECIES	Aporrectodea caliginosa (Savigny, 1826)	Aporrectodea caliginosa (Savigny, 1826)		RU		Ivanovo Oblast	PRESENT		fcb15579-e732-4e2d-aa74-796787ef8c27	56.93253	41.0932	5000.0	1.0E-5					1950-01-01T00:00:00			1950	2307759	2307759	HUMAN_OBSERVATION					Baluev V.K.		CC_BY_4_0		Baluev V.K.			2021-04-13T14:48:55.674Z		GEODETIC_DATUM_INVALID;GEODETIC_DATUM_ASSUMED_WGS84
3071277346	e52aacbf-c701-462b-b68f-346502fbc270	ru:earthworms:2307759:42	Animalia	Annelida	Clitellata	Crassiclitellata	Lumbricidae	Aporrectodea	Aporrectodea caliginosa		SPECIES	Aporrectodea caliginosa (Savigny, 1826)	Aporrectodea caliginosa (Savigny, 1826)		RU		Kostroma Oblast	PRESENT		fcb15579-e732-4e2d-aa74-796787ef8c27	58.43007	42.291715	5000.0	1.0E-5					1951-01-01T00:00:00			1951	2307759	2307759	HUMAN_OBSERVATION					Malevich I.I.		CC_BY_4_0		Malevich I.I.			2021-04-13T14:48:55.662Z		GEODETIC_DATUM_INVALID;GEODETIC_DATUM_ASSUMED_WGS84
3071277345	e52aacbf-c701-462b-b68f-346502fbc270	ru:earthworms:2307759:45	Animalia	Annelida	Clitellata	Crassiclitellata	Lumbricidae	Aporrectodea	Aporrectodea caliginosa		SPECIES	Aporrectodea caliginosa (Savigny, 1826)	Aporrectodea caliginosa (Savigny, 1826)		RU		Ivanovo Oblast	PRESENT		fcb15579-e732-4e2d-aa74-796787ef8c27	56.55833	40.12001	5000.0	1.0E-5					1950-01-01T00:00:00			1950	2307759	2307759	HUMAN_OBSERVATION					Baluev V.K.		CC_BY_4_0		Baluev V.K.			2021-04-13T14:48:55.632Z		GEODETIC_DATUM_INVALID;GEODETIC_DATUM_ASSUMED_WGS84
3071277344	e52aacbf-c701-462b-b68f-346502fbc270	ru:earthworms:2307759:44	Animalia	Annelida	Clitellata	Crassiclitellata	Lumbricidae	Aporrectodea	Aporrectodea caliginosa		SPECIES	Aporrectodea caliginosa (Savigny, 1826)	Aporrectodea caliginosa (Savigny, 1826)		RU		Ivanovo Oblast	PRESENT		fcb15579-e732-4e2d-aa74-796787ef8c27	56.97257	40.8619	5000.0	1.0E-5					1950-01-01T00:00:00			1950	2307759	2307759	HUMAN_OBSERVATION					Baluev V.K.		CC_BY_4_0		Baluev V.K.			2021-04-13T14:48:55.603Z		GEODETIC_DATUM_INVALID;GEODETIC_DATUM_ASSUMED_WGS84
3071277343	e52aacbf-c701-462b-b68f-346502fbc270	ru:earthworms:2307759:47	Animalia	Annelida	Clitellata	Crassiclitellata	Lumbricidae	Aporrectodea	Aporrectodea caliginosa		SPECIES	Aporrectodea caliginosa (Savigny, 1826)	Aporrectodea caliginosa (Savigny, 1826)		RU		Moscow	PRESENT		fcb15579-e732-4e2d-aa74-796787ef8c27	55.84085	37.60543	1000.0	1.0E-5					1957-01-01T00:00:00			1957	2307759	2307759	HUMAN_OBSERVATION					Gorizontova M.N. | L.A. Krasnaya | Perel T.S.		CC_BY_4_0		Gorizontova M.N. | L.A. Krasnaya | Perel T.S.			2021-04-13T14:48:55.572Z		GEODETIC_DATUM_INVALID;GEODETIC_DATUM_ASSUMED_WGS84
3071277342	e52aacbf-c701-462b-b68f-346502fbc270	ru:earthworms:2307759:46	Animalia	Annelida	Clitellata	Crassiclitellata	Lumbricidae	Aporrectodea	Aporrectodea caliginosa		SPECIES	Aporrectodea caliginosa (Savigny, 1826)	Aporrectodea caliginosa (Savigny, 1826)		RU		Ivanovo Oblast	PRESENT		fcb15579-e732-4e2d-aa74-796787ef8c27	56.85441	41.38462	5000.0	1.0E-5					1950-01-01T00:00:00			1950	2307759	2307759	HUMAN_OBSERVATION					Baluev V.K.		CC_BY_4_0		Baluev V.K.			2021-04-13T14:48:55.544Z		GEODETIC_DATUM_INVALID;GEODETIC_DATUM_ASSUMED_WGS84
3071277341	e52aacbf-c701-462b-b68f-346502fbc270	ru:earthworms:2307759:50	Animalia	Annelida	Clitellata	Crassiclitellata	Lumbricidae	Aporrectodea	Aporrectodea caliginosa		SPECIES	Aporrectodea caliginosa (Savigny, 1826)	Aporrectodea caliginosa (Savigny, 1826)		RU		Moscow Oblast	PRESENT		fcb15579-e732-4e2d-aa74-796787ef8c27	54.73277	39.86103	300.0	1.0E-5					2016-01-01T00:00:00			2016	2307759	2307759	HUMAN_OBSERVATION					Shashkov M.P.		CC_BY_4_0		Shashkov M.P.			2021-04-13T14:48:55.510Z		
3071277340	e52aacbf-c701-462b-b68f-346502fbc270	ru:earthworms:2307759:16	Animalia	Annelida	Clitellata	Crassiclitellata	Lumbricidae	Aporrectodea	Aporrectodea caliginosa		SPECIES	Aporrectodea caliginosa (Savigny, 1826)	Aporrectodea caliginosa (Savigny, 1826)		RU		Novosibirsk Oblast	PRESENT		fcb15579-e732-4e2d-aa74-796787ef8c27	54.83798	82.94171	1000.0	1.0E-5					2020-01-01T00:00:00			2020	2307759	2307759	HUMAN_OBSERVATION					Ermolov S.A.		CC_BY_4_0		Ermolov S.A.			2021-04-13T14:48:55.509Z		GEODETIC_DATUM_INVALID;GEODETIC_DATUM_ASSUMED_WGS84
3071277339	e52aacbf-c701-462b-b68f-346502fbc270	ru:earthworms:2307759:15	Animalia	Annelida	Clitellata	Crassiclitellata	Lumbricidae	Aporrectodea	Aporrectodea caliginosa		SPECIES	Aporrectodea caliginosa (Savigny, 1826)	Aporrectodea caliginosa (Savigny, 1826)		RU		Komi Republic	PRESENT		fcb15579-e732-4e2d-aa74-796787ef8c27	62.37869	53.78515	3000.0	1.0E-5					2017-01-01T00:00:00			2017	2307759	2307759	HUMAN_OBSERVATION					Akulova M.I. | Dolgin M.M. | Kolesnikova A.A.		CC_BY_4_0		Akulova M.I. | Dolgin M.M. | Kolesnikova A.A.			2021-04-13T14:48:55.508Z		GEODETIC_DATUM_INVALID;GEODETIC_DATUM_ASSUMED_WGS84
3071277338	e52aacbf-c701-462b-b68f-346502fbc270	ru:earthworms:2307759:18	Animalia	Annelida	Clitellata	Crassiclitellata	Lumbricidae	Aporrectodea	Aporrectodea caliginosa		SPECIES	Aporrectodea caliginosa (Savigny, 1826)	Aporrectodea caliginosa (Savigny, 1826)		RU		Novosibirsk Oblast	PRESENT		fcb15579-e732-4e2d-aa74-796787ef8c27	55.08571	82.84361	5000.0	1.0E-5					2020-01-01T00:00:00			2020	2307759	2307759	HUMAN_OBSERVATION					Ermolov S.A.		CC_BY_4_0		Ermolov S.A.			2021-04-13T14:48:55.480Z		GEODETIC_DATUM_INVALID;GEODETIC_DATUM_ASSUMED_WGS84
3071277337	e52aacbf-c701-462b-b68f-346502fbc270	ru:earthworms:2307759:17	Animalia	Annelida	Clitellata	Crassiclitellata	Lumbricidae	Aporrectodea	Aporrectodea caliginosa		SPECIES	Aporrectodea caliginosa (Savigny, 1826)	Aporrectodea caliginosa (Savigny, 1826)		RU		Novosibirsk Oblast	PRESENT		fcb15579-e732-4e2d-aa74-796787ef8c27	55.16907	82.68596	5000.0	1.0E-5					2020-01-01T00:00:00			2020	2307759	2307759	HUMAN_OBSERVATION					Ermolov S.A.		CC_BY_4_0		Ermolov S.A.			2021-04-13T14:48:55.456Z		GEODETIC_DATUM_INVALID;GEODETIC_DATUM_ASSUMED_WGS84
3071277336	e52aacbf-c701-462b-b68f-346502fbc270	ru:earthworms:2307759:19	Animalia	Annelida	Clitellata	Crassiclitellata	Lumbricidae	Aporrectodea	Aporrectodea caliginosa		SPECIES	Aporrectodea caliginosa (Savigny, 1826)	Aporrectodea caliginosa (Savigny, 1826)		RU		Novosibirsk Oblast	PRESENT		fcb15579-e732-4e2d-aa74-796787ef8c27	54.93448	83.29265	5000.0	1.0E-5					2020-01-01T00:00:00			2020	2307759	2307759	HUMAN_OBSERVATION					Ermolov S.A.		CC_BY_4_0		Ermolov S.A.			2021-04-13T14:48:55.455Z		GEODETIC_DATUM_INVALID;GEODETIC_DATUM_ASSUMED_WGS84
3071277335	e52aacbf-c701-462b-b68f-346502fbc270	ru:earthworms:2307759:52	Animalia	Annelida	Clitellata	Crassiclitellata	Lumbricidae	Aporrectodea	Aporrectodea caliginosa		SPECIES	Aporrectodea caliginosa (Savigny, 1826)	Aporrectodea caliginosa (Savigny, 1826)		RU		Kaluga Oblast	PRESENT		fcb15579-e732-4e2d-aa74-796787ef8c27	53.58985	35.77142	100.0	1.0E-5					2015-01-01T00:00:00			2015	2307759	2307759	HUMAN_OBSERVATION					Shashkov M.P.		CC_BY_4_0		Shashkov M.P.			2021-04-13T14:48:55.430Z		GEODETIC_DATUM_INVALID;GEODETIC_DATUM_ASSUMED_WGS84
3071277334	e52aacbf-c701-462b-b68f-346502fbc270	ru:earthworms:2307759:1	Animalia	Annelida	Clitellata	Crassiclitellata	Lumbricidae	Aporrectodea	Aporrectodea caliginosa		SPECIES	Aporrectodea caliginosa (Savigny, 1826)	Aporrectodea caliginosa (Savigny, 1826)		RU		Moscow Oblast	PRESENT		fcb15579-e732-4e2d-aa74-796787ef8c27	56.0349	37.17849	500.0	1.0E-5					2009-01-01T00:00:00			2009	2307759	2307759	HUMAN_OBSERVATION					Kharin S.A.| Kurakov A.V.		CC_BY_4_0		Kharin S.A.| Kurakov A.V.			2021-04-13T14:48:55.400Z		GEODETIC_DATUM_INVALID;GEODETIC_DATUM_ASSUMED_WGS84
3071277333	e52aacbf-c701-462b-b68f-346502fbc270	ru:earthworms:2307759:51	Animalia	Annelida	Clitellata	Crassiclitellata	Lumbricidae	Aporrectodea	Aporrectodea caliginosa		SPECIES	Aporrectodea caliginosa (Savigny, 1826)	Aporrectodea caliginosa (Savigny, 1826)		RU		Kaluga Oblast	PRESENT		fcb15579-e732-4e2d-aa74-796787ef8c27	53.55518	35.70013	100.0	1.0E-5					2015-01-01T00:00:00			2015	2307759	2307759	HUMAN_OBSERVATION					Shashkov M.P.		CC_BY_4_0		Shashkov M.P.			2021-04-13T14:48:55.368Z		GEODETIC_DATUM_INVALID;GEODETIC_DATUM_ASSUMED_WGS84
3071277332	e52aacbf-c701-462b-b68f-346502fbc270	ru:earthworms:2307759:54	Animalia	Annelida	Clitellata	Crassiclitellata	Lumbricidae	Aporrectodea	Aporrectodea caliginosa		SPECIES	Nicodrilus caliginosus Savigny, 1826	Nicodrilus caliginosus Savigny, 1826		RU		Republic of Tatarstan	PRESENT		fcb15579-e732-4e2d-aa74-796787ef8c27	55.90327	48.72892	5000.0	1.0E-5					1979-01-01T00:00:00			1979	8198425	2307759	HUMAN_OBSERVATION					Aleinikova 1972		CC_BY_4_0		Aleinikova 1972			2021-04-13T14:48:55.345Z		GEODETIC_DATUM_INVALID;GEODETIC_DATUM_ASSUMED_WGS84
3071277331	e52aacbf-c701-462b-b68f-346502fbc270	ru:earthworms:2307759:10	Animalia	Annelida	Clitellata	Crassiclitellata	Lumbricidae	Aporrectodea	Aporrectodea caliginosa		SPECIES	Aporrectodea caliginosa (Savigny, 1826)	Aporrectodea caliginosa (Savigny, 1826)		RU		Murmansk Oblast	PRESENT		fcb15579-e732-4e2d-aa74-796787ef8c27	67.58333	33.61666	5000.0	1.0E-5					2013-01-01T00:00:00			2013	2307759	2307759	HUMAN_OBSERVATION					Zenkova I.V. | Rapoport I.B.		CC_BY_4_0		Zenkova I.V. | Rapoport I.B.			2021-04-13T14:48:55.318Z		GEODETIC_DATUM_INVALID;GEODETIC_DATUM_ASSUMED_WGS84
3071277330	e52aacbf-c701-462b-b68f-346502fbc270	ru:earthworms:2307759:3	Animalia	Annelida	Clitellata	Crassiclitellata	Lumbricidae	Aporrectodea	Aporrectodea caliginosa		SPECIES	Aporrectodea caliginosa (Savigny, 1826)	Aporrectodea caliginosa (Savigny, 1826)		RU		Moscow	PRESENT		fcb15579-e732-4e2d-aa74-796787ef8c27	55.70767	37.52615	300.0	1.0E-5					2018-01-01T00:00:00			2018	2307759	2307759	HUMAN_OBSERVATION					Florov O.A. | Yakushev A.V.		CC_BY_4_0		Florov O.A. | Yakushev A.V.			2021-04-13T14:48:55.286Z		GEODETIC_DATUM_INVALID;GEODETIC_DATUM_ASSUMED_WGS84
3071277329	e52aacbf-c701-462b-b68f-346502fbc270	ru:earthworms:2307759:53	Animalia	Annelida	Clitellata	Crassiclitellata	Lumbricidae	Aporrectodea	Aporrectodea caliginosa		SPECIES	Nicodrilus caliginosus Savigny, 1826	Nicodrilus caliginosus Savigny, 1826		RU		Chelyabinsk Oblast	PRESENT		fcb15579-e732-4e2d-aa74-796787ef8c27	55.05043	60.10959	10000.0	1.0E-5					1979-01-01T00:00:00			1979	8198425	2307759	HUMAN_OBSERVATION					Stebaev I.V.		CC_BY_4_0		Stebaev I.V.			2021-04-13T14:48:55.280Z		GEODETIC_DATUM_INVALID;GEODETIC_DATUM_ASSUMED_WGS84
3071277328	e52aacbf-c701-462b-b68f-346502fbc270	ru:earthworms:2307759:2	Animalia	Annelida	Clitellata	Crassiclitellata	Lumbricidae	Aporrectodea	Aporrectodea caliginosa		SPECIES	Aporrectodea caliginosa (Savigny, 1826)	Aporrectodea caliginosa (Savigny, 1826)		RU		Voronezh Oblast	PRESENT		fcb15579-e732-4e2d-aa74-796787ef8c27	51.91046	39.66899	500.0	1.0E-5					2018-01-01T00:00:00			2018	2307759	2307759	HUMAN_OBSERVATION					Emets V.M.		CC_BY_4_0		Emets V.M.			2021-04-13T14:48:55.257Z		
3071277327	e52aacbf-c701-462b-b68f-346502fbc270	ru:earthworms:2307759:56	Animalia	Annelida	Clitellata	Crassiclitellata	Lumbricidae	Aporrectodea	Aporrectodea caliginosa		SPECIES	Aporrectodea caliginosa (Savigny, 1826)	Aporrectodea caliginosa (Savigny, 1826)		RU		Republic of Tatarstan	PRESENT		fcb15579-e732-4e2d-aa74-796787ef8c27	55.89792	48.81253	2000.0	1.0E-5					2016-01-01T00:00:00			2016	2307759	2307759	HUMAN_OBSERVATION					Gordienko T.A. | Sukhodolskaya R.A. | Vavilov D.N.		CC_BY_4_0		Gordienko T.A. | Sukhodolskaya R.A. | Vavilov D.N.			2021-04-13T14:48:55.223Z		GEODETIC_DATUM_INVALID;GEODETIC_DATUM_ASSUMED_WGS84
3071277326	e52aacbf-c701-462b-b68f-346502fbc270	ru:earthworms:2307759:12	Animalia	Annelida	Clitellata	Crassiclitellata	Lumbricidae	Aporrectodea	Aporrectodea caliginosa		SPECIES	Aporrectodea caliginosa (Savigny, 1826)	Aporrectodea caliginosa (Savigny, 1826)		RU		Komi Republic	PRESENT		fcb15579-e732-4e2d-aa74-796787ef8c27	60.95275	49.44798	3000.0	1.0E-5					2017-01-01T00:00:00			2017	2307759	2307759	HUMAN_OBSERVATION					Akulova M.I. | Dolgin M.M. | Kolesnikova A.A.		CC_BY_4_0		Akulova M.I. | Dolgin M.M. | Kolesnikova A.A.			2021-04-13T14:48:55.217Z		GEODETIC_DATUM_INVALID;GEODETIC_DATUM_ASSUMED_WGS84
3071277325	e52aacbf-c701-462b-b68f-346502fbc270	ru:earthworms:2307759:55	Animalia	Annelida	Clitellata	Crassiclitellata	Lumbricidae	Aporrectodea	Aporrectodea caliginosa		SPECIES	Nicodrilus caliginosus Savigny, 1826	Nicodrilus caliginosus Savigny, 1826		RU		Chuvash Republic — Chuvashia	PRESENT		fcb15579-e732-4e2d-aa74-796787ef8c27	55.49086	46.95342	5000.0	1.0E-5					1979-01-01T00:00:00			1979	8198425	2307759	HUMAN_OBSERVATION					Aleinikova 1969		CC_BY_4_0		Aleinikova 1969			2021-04-13T14:48:55.210Z		GEODETIC_DATUM_INVALID;GEODETIC_DATUM_ASSUMED_WGS84
3071277324	e52aacbf-c701-462b-b68f-346502fbc270	ru:earthworms:2307759:11	Animalia	Annelida	Clitellata	Crassiclitellata	Lumbricidae	Aporrectodea	Aporrectodea caliginosa		SPECIES	Aporrectodea caliginosa (Savigny, 1826)	Aporrectodea caliginosa (Savigny, 1826)		RU		Komi Republic	PRESENT		fcb15579-e732-4e2d-aa74-796787ef8c27	63.50431	53.40847	1000.0	1.0E-5					2018-01-01T00:00:00			2018	2307759	2307759	HUMAN_OBSERVATION					Rybak A.V. | Maistrenko T.A. | Velegzhaninov I.O. | Belykh E.S.		CC_BY_4_0		Rybak A.V. | Maistrenko T.A. | Velegzhaninov I.O. | Belykh E.S.			2021-04-13T14:48:55.174Z		GEODETIC_DATUM_INVALID;GEODETIC_DATUM_ASSUMED_WGS84
3071277323	e52aacbf-c701-462b-b68f-346502fbc270	ru:earthworms:2307759:14	Animalia	Annelida	Clitellata	Crassiclitellata	Lumbricidae	Aporrectodea	Aporrectodea caliginosa		SPECIES	Aporrectodea caliginosa (Savigny, 1826)	Aporrectodea caliginosa (Savigny, 1826)		RU		Komi Republic	PRESENT		fcb15579-e732-4e2d-aa74-796787ef8c27	61.59899	50.78423	3000.0	1.0E-5					2017-01-01T00:00:00			2017	2307759	2307759	HUMAN_OBSERVATION					Akulova M.I. | Dolgin M.M. | Kolesnikova A.A.		CC_BY_4_0		Akulova M.I. | Dolgin M.M. | Kolesnikova A.A.			2021-04-13T14:48:55.174Z		GEODETIC_DATUM_INVALID;GEODETIC_DATUM_ASSUMED_WGS84
3071277322	e52aacbf-c701-462b-b68f-346502fbc270	ru:earthworms:2307759:57	Animalia	Annelida	Clitellata	Crassiclitellata	Lumbricidae	Aporrectodea	Aporrectodea caliginosa		SPECIES	Aporrectodea caliginosa (Savigny, 1826)	Aporrectodea caliginosa (Savigny, 1826)		RU		Republic of Tatarstan	PRESENT		fcb15579-e732-4e2d-aa74-796787ef8c27	55.30357	49.290715	3000.0	1.0E-5					2016-01-01T00:00:00			2016	2307759	2307759	HUMAN_OBSERVATION					Gordienko T.A. | Sukhodolskaya R.A. | Vavilov D.N.		CC_BY_4_0		Gordienko T.A. | Sukhodolskaya R.A. | Vavilov D.N.			2021-04-13T14:48:55.141Z		GEODETIC_DATUM_INVALID;GEODETIC_DATUM_ASSUMED_WGS84
3071277321	e52aacbf-c701-462b-b68f-346502fbc270	ru:earthworms:2307759:13	Animalia	Annelida	Clitellata	Crassiclitellata	Lumbricidae	Aporrectodea	Aporrectodea caliginosa		SPECIES	Aporrectodea caliginosa (Savigny, 1826)	Aporrectodea caliginosa (Savigny, 1826)		RU		Komi Republic	PRESENT		fcb15579-e732-4e2d-aa74-796787ef8c27	61.66879	50.83649	5000.0	1.0E-5					2017-01-01T00:00:00			2017	2307759	2307759	HUMAN_OBSERVATION					Akulova M.I. | Dolgin M.M. | Kolesnikova A.A.		CC_BY_4_0		Akulova M.I. | Dolgin M.M. | Kolesnikova A.A.			2021-04-13T14:48:55.129Z		GEODETIC_DATUM_INVALID;GEODETIC_DATUM_ASSUMED_WGS84
3071277320	e52aacbf-c701-462b-b68f-346502fbc270	ru:earthworms:2307759:27	Animalia	Annelida	Clitellata	Crassiclitellata	Lumbricidae	Aporrectodea	Aporrectodea caliginosa		SPECIES	Aporrectodea caliginosa (Savigny, 1826)	Aporrectodea caliginosa (Savigny, 1826)		RU		Oryol Oblast	PRESENT		fcb15579-e732-4e2d-aa74-796787ef8c27	52.44011	36.35469	5000.0	1.0E-5					2019-01-01T00:00:00			2019	2307759	2307759	HUMAN_OBSERVATION					Tvoronovich V.V. | Krasnikov M.V.		CC_BY_4_0		Tvoronovich V.V. | Krasnikov M.V.			2021-04-13T14:48:55.097Z		GEODETIC_DATUM_INVALID;GEODETIC_DATUM_ASSUMED_WGS84
3071277319	e52aacbf-c701-462b-b68f-346502fbc270	ru:earthworms:2307759:26	Animalia	Annelida	Clitellata	Crassiclitellata	Lumbricidae	Aporrectodea	Aporrectodea caliginosa		SPECIES	Aporrectodea caliginosa (Savigny, 1826)	Aporrectodea caliginosa (Savigny, 1826)		RU		Republic of Mordovia	PRESENT		fcb15579-e732-4e2d-aa74-796787ef8c27	54.07451	43.24596	5000.0	1.0E-5					2019-01-01T00:00:00			2019	2307759	2307759	HUMAN_OBSERVATION					Chegodaeva N.D.		CC_BY_4_0		Chegodaeva N.D.			2021-04-13T14:48:55.071Z		GEODETIC_DATUM_INVALID;GEODETIC_DATUM_ASSUMED_WGS84
3071277318	e52aacbf-c701-462b-b68f-346502fbc270	ru:earthworms:2307759:29	Animalia	Annelida	Clitellata	Crassiclitellata	Lumbricidae	Aporrectodea	Aporrectodea caliginosa		SPECIES	Aporrectodea caliginosa (Savigny, 1826)	Aporrectodea caliginosa (Savigny, 1826)		RU		Bryansk Oblast	PRESENT		fcb15579-e732-4e2d-aa74-796787ef8c27	53.21262	34.41875	3000.0	1.0E-5					2014-01-01T00:00:00			2014	2307759	2307759	HUMAN_OBSERVATION					Prokofiev I.L. | Goloshchapova S.S.		CC_BY_4_0		Prokofiev I.L. | Goloshchapova S.S.			2021-04-13T14:48:55.041Z		GEODETIC_DATUM_INVALID;GEODETIC_DATUM_ASSUMED_WGS84
3071277317	e52aacbf-c701-462b-b68f-346502fbc270	ru:earthworms:2307759:28	Animalia	Annelida	Clitellata	Crassiclitellata	Lumbricidae	Aporrectodea	Aporrectodea caliginosa		SPECIES	Aporrectodea caliginosa (Savigny, 1826)	Aporrectodea caliginosa (Savigny, 1826)		RU		Tula Oblast	PRESENT		fcb15579-e732-4e2d-aa74-796787ef8c27	54.12364	37.56005	10000.0	1.0E-5					2007-01-01T00:00:00			2007	2307759	2307759	HUMAN_OBSERVATION					Gongalsky K.B. | Filimonova Zh.V. | Pokarzhevsky A.D. | Butovsky R.O.		CC_BY_4_0		Gongalsky K.B. | Filimonova Zh.V. | Pokarzhevsky A.D. | Butovsky R.O.			2021-04-13T14:48:55.002Z		GEODETIC_DATUM_INVALID;GEODETIC_DATUM_ASSUMED_WGS84
3071277316	e52aacbf-c701-462b-b68f-346502fbc270	ru:earthworms:2307759:21	Animalia	Annelida	Clitellata	Crassiclitellata	Lumbricidae	Aporrectodea	Aporrectodea caliginosa		SPECIES	Aporrectodea caliginosa (Savigny, 1826)	Aporrectodea caliginosa (Savigny, 1826)		RU		Novosibirsk Oblast	PRESENT		fcb15579-e732-4e2d-aa74-796787ef8c27	54.98439	83.33378	5000.0	1.0E-5					2020-01-01T00:00:00			2020	2307759	2307759	HUMAN_OBSERVATION					Ermolov S.A.		CC_BY_4_0		Ermolov S.A.			2021-04-13T14:48:54.973Z		GEODETIC_DATUM_INVALID;GEODETIC_DATUM_ASSUMED_WGS84
3071277315	e52aacbf-c701-462b-b68f-346502fbc270	ru:earthworms:2307759:20	Animalia	Annelida	Clitellata	Crassiclitellata	Lumbricidae	Aporrectodea	Aporrectodea caliginosa		SPECIES	Aporrectodea caliginosa (Savigny, 1826)	Aporrectodea caliginosa (Savigny, 1826)		RU		Novosibirsk Oblast	PRESENT		fcb15579-e732-4e2d-aa74-796787ef8c27	54.76648	83.21811	5000.0	1.0E-5					2020-01-01T00:00:00			2020	2307759	2307759	HUMAN_OBSERVATION					Ermolov S.A.		CC_BY_4_0		Ermolov S.A.			2021-04-13T14:48:54.937Z		GEODETIC_DATUM_INVALID;GEODETIC_DATUM_ASSUMED_WGS84
3071277314	e52aacbf-c701-462b-b68f-346502fbc270	ru:earthworms:2307759:23	Animalia	Annelida	Clitellata	Crassiclitellata	Lumbricidae	Aporrectodea	Aporrectodea caliginosa		SPECIES	Aporrectodea caliginosa (Savigny, 1826)	Aporrectodea caliginosa (Savigny, 1826)		RU		Karachay-Cherkess Republic	PRESENT		fcb15579-e732-4e2d-aa74-796787ef8c27	43.39598	41.64983	7000.0	1.0E-5					2016-01-01T00:00:00			2016	2307759	2307759	HUMAN_OBSERVATION					Geraskina A.P.		CC_BY_4_0		Geraskina A.P.			2021-04-13T14:48:54.415Z		GEODETIC_DATUM_INVALID;GEODETIC_DATUM_ASSUMED_WGS84
3071277313	e52aacbf-c701-462b-b68f-346502fbc270	ru:earthworms:2307759:22	Animalia	Annelida	Clitellata	Crassiclitellata	Lumbricidae	Aporrectodea	Aporrectodea caliginosa		SPECIES	Aporrectodea caliginosa (Savigny, 1826)	Aporrectodea caliginosa (Savigny, 1826)		RU		Karachay-Cherkess Republic	PRESENT		fcb15579-e732-4e2d-aa74-796787ef8c27	43.42149	41.70345	5000.0	1.0E-5					2016-01-01T00:00:00			2016	2307759	2307759	HUMAN_OBSERVATION					Geraskina A.P.		CC_BY_4_0		Geraskina A.P.			2021-04-13T14:48:54.172Z		GEODETIC_DATUM_INVALID;GEODETIC_DATUM_ASSUMED_WGS84
3071277312	e52aacbf-c701-462b-b68f-346502fbc270	ru:earthworms:2307759:25	Animalia	Annelida	Clitellata	Crassiclitellata	Lumbricidae	Aporrectodea	Aporrectodea caliginosa		SPECIES	Aporrectodea caliginosa (Savigny, 1826)	Aporrectodea caliginosa (Savigny, 1826)		RU		Oryol Oblast	PRESENT		fcb15579-e732-4e2d-aa74-796787ef8c27	53.03436	37.3421	5000.0	1.0E-5					2012-01-01T00:00:00			2012	2307759	2307759	HUMAN_OBSERVATION					Prizemin A.A.		CC_BY_4_0		Prizemin A.A.			2021-04-13T14:48:54.142Z		GEODETIC_DATUM_INVALID;GEODETIC_DATUM_ASSUMED_WGS84
3071277311	e52aacbf-c701-462b-b68f-346502fbc270	ru:earthworms:2307759:24	Animalia	Annelida	Clitellata	Crassiclitellata	Lumbricidae	Aporrectodea	Aporrectodea caliginosa		SPECIES	Aporrectodea caliginosa (Savigny, 1826)	Aporrectodea caliginosa (Savigny, 1826)		RU		Karachay-Cherkess Republic	PRESENT		fcb15579-e732-4e2d-aa74-796787ef8c27	43.43854	41.71724	5000.0	1.0E-5					2016-01-01T00:00:00			2016	2307759	2307759	HUMAN_OBSERVATION					Geraskina A.P.		CC_BY_4_0		Geraskina A.P.			2021-04-13T14:48:53.890Z		GEODETIC_DATUM_INVALID;GEODETIC_DATUM_ASSUMED_WGS84
3071277310	e52aacbf-c701-462b-b68f-346502fbc270	ru:earthworms:2307759:38	Animalia	Annelida	Clitellata	Crassiclitellata	Lumbricidae	Aporrectodea	Aporrectodea caliginosa		SPECIES	Aporrectodea caliginosa (Savigny, 1826)	Aporrectodea caliginosa (Savigny, 1826)		RU		Novosibirsk Oblast	PRESENT		fcb15579-e732-4e2d-aa74-796787ef8c27	54.97292	83.18687	2000.0	1.0E-5					2019-01-01T00:00:00			2019	2307759	2307759	HUMAN_OBSERVATION					Ermolov S.A.		CC_BY_4_0		Ermolov S.A.			2021-04-13T14:48:53.889Z		GEODETIC_DATUM_INVALID;GEODETIC_DATUM_ASSUMED_WGS84
3071277309	e52aacbf-c701-462b-b68f-346502fbc270	ru:earthworms:2307759:37	Animalia	Annelida	Clitellata	Crassiclitellata	Lumbricidae	Aporrectodea	Aporrectodea caliginosa		SPECIES	Aporrectodea caliginosa (Savigny, 1826)	Aporrectodea caliginosa (Savigny, 1826)		RU		Novosibirsk Oblast	PRESENT		fcb15579-e732-4e2d-aa74-796787ef8c27	54.93033	83.15464	2000.0	1.0E-5					2019-01-01T00:00:00			2019	2307759	2307759	HUMAN_OBSERVATION					Ermolov S.A.		CC_BY_4_0		Ermolov S.A.			2021-04-13T14:48:53.889Z		GEODETIC_DATUM_INVALID;GEODETIC_DATUM_ASSUMED_WGS84
3071277308	e52aacbf-c701-462b-b68f-346502fbc270	ru:earthworms:2307759:39	Animalia	Annelida	Clitellata	Crassiclitellata	Lumbricidae	Aporrectodea	Aporrectodea caliginosa		SPECIES	Aporrectodea caliginosa (Savigny, 1826)	Aporrectodea caliginosa (Savigny, 1826)		RU		Novosibirsk Oblast	PRESENT		fcb15579-e732-4e2d-aa74-796787ef8c27	54.98259	83.386522	2000.0	1.0E-5					2019-01-01T00:00:00			2019	2307759	2307759	HUMAN_OBSERVATION					Ermolov S.A.		CC_BY_4_0		Ermolov S.A.			2021-04-13T14:48:53.862Z		GEODETIC_DATUM_INVALID;GEODETIC_DATUM_ASSUMED_WGS84
3071277307	e52aacbf-c701-462b-b68f-346502fbc270	ru:earthworms:2307759:30	Animalia	Annelida	Clitellata	Crassiclitellata	Lumbricidae	Aporrectodea	Aporrectodea caliginosa		SPECIES	Aporrectodea caliginosa (Savigny, 1826)	Aporrectodea caliginosa (Savigny, 1826)		RU		Mari El Republic	PRESENT		fcb15579-e732-4e2d-aa74-796787ef8c27	56.65721	47.27359	2000.0	1.0E-5					2014-01-01T00:00:00			2014	2307759	2307759	HUMAN_OBSERVATION					Gordiyenko T.A. | Sabantsev D.N.		CC_BY_4_0		Gordiyenko T.A. | Sabantsev D.N.			2021-04-13T14:48:53.834Z		GEODETIC_DATUM_INVALID;GEODETIC_DATUM_ASSUMED_WGS84
3071277306	e52aacbf-c701-462b-b68f-346502fbc270	ru:earthworms:2307759:32	Animalia	Annelida	Clitellata	Crassiclitellata	Lumbricidae	Aporrectodea	Aporrectodea caliginosa		SPECIES	Aporrectodea caliginosa (Savigny, 1826)	Aporrectodea caliginosa (Savigny, 1826)		RU		Belgorod Oblast	PRESENT		fcb15579-e732-4e2d-aa74-796787ef8c27	50.61838	35.96528	2000.0	1.0E-5					1997-01-01T00:00:00			1997	2307759	2307759	HUMAN_OBSERVATION					Berezantseva M.S.		CC_BY_4_0		Berezantseva M.S.			2021-04-13T14:48:53.833Z		GEODETIC_DATUM_INVALID;GEODETIC_DATUM_ASSUMED_WGS84
3071277305	e52aacbf-c701-462b-b68f-346502fbc270	ru:earthworms:2307759:31	Animalia	Annelida	Clitellata	Crassiclitellata	Lumbricidae	Aporrectodea	Aporrectodea caliginosa		SPECIES	Aporrectodea caliginosa (Savigny, 1826)	Aporrectodea caliginosa (Savigny, 1826)		RU		Moscow	PRESENT		fcb15579-e732-4e2d-aa74-796787ef8c27	55.86835	37.4214	1000.0	1.0E-5					2011-01-01T00:00:00			2011	2307759	2307759	HUMAN_OBSERVATION					Samoilova E.S. | Rakhleeva A.A.		CC_BY_4_0		Samoilova E.S. | Rakhleeva A.A.			2021-04-13T14:48:53.797Z		GEODETIC_DATUM_INVALID;GEODETIC_DATUM_ASSUMED_WGS84
3071277304	e52aacbf-c701-462b-b68f-346502fbc270	ru:earthworms:2307759:34	Animalia	Annelida	Clitellata	Crassiclitellata	Lumbricidae	Aporrectodea	Aporrectodea caliginosa		SPECIES	Aporrectodea caliginosa (Savigny, 1826)	Aporrectodea caliginosa (Savigny, 1826)		RU		Murmansk Oblast	PRESENT		fcb15579-e732-4e2d-aa74-796787ef8c27	67.64805	33.6625	50.0	1.0E-5					2009-01-01T00:00:00			2009	2307759	2307759	HUMAN_OBSERVATION					Zenkova I.V. | Pozharskaya V.V. | Pokhilko A.A.		CC_BY_4_0		Zenkova I.V. | Pozharskaya V.V. | Pokhilko A.A.			2021-04-13T14:48:53.772Z		GEODETIC_DATUM_INVALID;GEODETIC_DATUM_ASSUMED_WGS84
3071277303	e52aacbf-c701-462b-b68f-346502fbc270	ru:earthworms:2307759:33	Animalia	Annelida	Clitellata	Crassiclitellata	Lumbricidae	Aporrectodea	Aporrectodea caliginosa		SPECIES	Aporrectodea caliginosa (Savigny, 1826)	Aporrectodea caliginosa (Savigny, 1826)		RU		Kursk Oblast	PRESENT		fcb15579-e732-4e2d-aa74-796787ef8c27	51.57333	36.10805	500.0	1.0E-5					2007-01-01T00:00:00			2007	2307759	2307759	HUMAN_OBSERVATION					Pokarzhevsky A.D. | Gongalsky K.B.		CC_BY_4_0		Pokarzhevsky A.D. | Gongalsky K.B.			2021-04-13T14:48:53.732Z		GEODETIC_DATUM_INVALID;GEODETIC_DATUM_ASSUMED_WGS84
3071277302	e52aacbf-c701-462b-b68f-346502fbc270	ru:earthworms:2307759:36	Animalia	Annelida	Clitellata	Crassiclitellata	Lumbricidae	Aporrectodea	Aporrectodea caliginosa		SPECIES	Aporrectodea caliginosa (Savigny, 1826)	Aporrectodea caliginosa (Savigny, 1826)		RU		Novosibirsk Oblast	PRESENT		fcb15579-e732-4e2d-aa74-796787ef8c27	54.98248	82.933	2000.0	1.0E-5					2019-01-01T00:00:00			2019	2307759	2307759	HUMAN_OBSERVATION					Ermolov S.A.		CC_BY_4_0		Ermolov S.A.			2021-04-13T14:48:53.731Z		GEODETIC_DATUM_INVALID;GEODETIC_DATUM_ASSUMED_WGS84
3071277301	e52aacbf-c701-462b-b68f-346502fbc270	ru:earthworms:2307759:35	Animalia	Annelida	Clitellata	Crassiclitellata	Lumbricidae	Aporrectodea	Aporrectodea caliginosa		SPECIES	Aporrectodea caliginosa (Savigny, 1826)	Aporrectodea caliginosa (Savigny, 1826)		RU		Novosibirsk Oblast	PRESENT		fcb15579-e732-4e2d-aa74-796787ef8c27	55.05717	82.86251	2000.0	1.0E-5					2019-01-01T00:00:00			2019	2307759	2307759	HUMAN_OBSERVATION					Ermolov S.A.		CC_BY_4_0		Ermolov S.A.			2021-04-13T14:48:53.730Z		GEODETIC_DATUM_INVALID;GEODETIC_DATUM_ASSUMED_WGS84
